name,url
Red Dead Redemption 2,https://www.metacritic.com/game/playstation-4/red-dead-redemption-2
Grand Theft Auto V,https://www.metacritic.com/game/playstation-4/grand-theft-auto-v
Persona 5 Royal,https://www.metacritic.com/game/playstation-4/persona-5-royal
The Last of Us Remastered,https://www.metacritic.com/game/playstation-4/the-last-of-us-remastered
God of War,https://www.metacritic.com/game/playstation-4/god-of-war
The Last of Us Part II,https://www.metacritic.com/game/playstation-4/the-last-of-us-part-ii
Persona 5,https://www.metacritic.com/game/playstation-4/persona-5
Metal Gear Solid V: The Phantom Pain,https://www.metacritic.com/game/playstation-4/metal-gear-solid-v-the-phantom-pain
Uncharted 4: A Thief's End,https://www.metacritic.com/game/playstation-4/uncharted-4-a-thiefs-end
Journey,https://www.metacritic.com/game/playstation-4/journey
Bloodborne,https://www.metacritic.com/game/playstation-4/bloodborne
Undertale,https://www.metacritic.com/game/playstation-4/undertale
The Witcher 3: Wild Hunt,https://www.metacritic.com/game/playstation-4/the-witcher-3-wild-hunt
Divinity: Original Sin II - Definitive Edition,https://www.metacritic.com/game/playstation-4/divinity-original-sin-ii---definitive-edition
Pistol Whip,https://www.metacritic.com/game/playstation-4/pistol-whip
Final Fantasy XIV: Shadowbringers,https://www.metacritic.com/game/playstation-4/final-fantasy-xiv-shadowbringers
Shadow of the Colossus,https://www.metacritic.com/game/playstation-4/shadow-of-the-colossus
The Witcher 3: Wild Hunt - Blood and Wine,https://www.metacritic.com/game/playstation-4/the-witcher-3-wild-hunt---blood-and-wine
Celeste,https://www.metacritic.com/game/playstation-4/celeste
INSIDE,https://www.metacritic.com/game/playstation-4/inside
NieR: Automata - Game of the YoRHa Edition,https://www.metacritic.com/game/playstation-4/nier-automata---game-of-the-yorha-edition
Resident Evil 2,https://www.metacritic.com/game/playstation-4/resident-evil-2
flower,https://www.metacritic.com/game/playstation-4/flower
Diablo III: Ultimate Evil Edition,https://www.metacritic.com/game/playstation-4/diablo-iii-ultimate-evil-edition
Overwatch,https://www.metacritic.com/game/playstation-4/overwatch
Shovel Knight,https://www.metacritic.com/game/playstation-4/shovel-knight
Rayman Legends,https://www.metacritic.com/game/playstation-4/rayman-legends
Fez,https://www.metacritic.com/game/playstation-4/fez
Monster Hunter: World,https://www.metacritic.com/game/playstation-4/monster-hunter-world
Tales From The Borderlands: Episode 5 - The Vault of the Traveler,https://www.metacritic.com/game/playstation-4/tales-from-the-borderlands-episode-5---the-vault-of-the-traveler
The Witcher 3: Wild Hunt - Hearts of Stone,https://www.metacritic.com/game/playstation-4/the-witcher-3-wild-hunt---hearts-of-stone
Sekiro: Shadows Die Twice,https://www.metacritic.com/game/playstation-4/sekiro-shadows-die-twice
Astro Bot: Rescue Mission,https://www.metacritic.com/game/playstation-4/astro-bot-rescue-mission
Monster Hunter: World - Iceborne,https://www.metacritic.com/game/playstation-4/monster-hunter-world---iceborne
Rez Infinite,https://www.metacritic.com/game/playstation-4/rez-infinite
Titanfall 2,https://www.metacritic.com/game/playstation-4/titanfall-2
Dark Souls III,https://www.metacritic.com/game/playstation-4/dark-souls-iii
Tetris Effect,https://www.metacritic.com/game/playstation-4/tetris-effect
Final Fantasy XIV: Stormblood,https://www.metacritic.com/game/playstation-4/final-fantasy-xiv-stormblood
Bastion,https://www.metacritic.com/game/playstation-4/bastion
Apex Legends,https://www.metacritic.com/game/playstation-4/apex-legends
Dreams,https://www.metacritic.com/game/playstation-4/dreams
Dragon Age: Inquisition,https://www.metacritic.com/game/playstation-4/dragon-age-inquisition
Battlefield 1,https://www.metacritic.com/game/playstation-4/battlefield-1
Horizon Zero Dawn,https://www.metacritic.com/game/playstation-4/horizon-zero-dawn
Minecraft: PlayStation 4 Edition,https://www.metacritic.com/game/playstation-4/minecraft-playstation-4-edition
What Remains of Edith Finch,https://www.metacritic.com/game/playstation-4/what-remains-of-edith-finch
The Binding of Isaac: Rebirth,https://www.metacritic.com/game/playstation-4/the-binding-of-isaac-rebirth
NieR: Automata,https://www.metacritic.com/game/playstation-4/nier-automata
Rise of the Tomb Raider: 20 Year Celebration,https://www.metacritic.com/game/playstation-4/rise-of-the-tomb-raider-20-year-celebration
NBA 2K17,https://www.metacritic.com/game/playstation-4/nba-2k17
Dishonored 2,https://www.metacritic.com/game/playstation-4/dishonored-2
Injustice 2: Legendary Edition,https://www.metacritic.com/game/playstation-4/injustice-2-legendary-edition
Divinity: Original Sin Enhanced Edition,https://www.metacritic.com/game/playstation-4/divinity-original-sin-enhanced-edition
Devil May Cry 5,https://www.metacritic.com/game/playstation-4/devil-may-cry-5
Slay the Spire,https://www.metacritic.com/game/playstation-4/slay-the-spire
Owlboy,https://www.metacritic.com/game/playstation-4/owlboy
Keep Talking and Nobody Explodes,https://www.metacritic.com/game/playstation-4/keep-talking-and-nobody-explodes
The Talos Principle: Deluxe Edition,https://www.metacritic.com/game/playstation-4/the-talos-principle-deluxe-edition
Nex Machina: Death Machine,https://www.metacritic.com/game/playstation-4/nex-machina-death-machine
Nioh,https://www.metacritic.com/game/playstation-4/nioh
Kentucky Route Zero: TV Edition,https://www.metacritic.com/game/playstation-4/kentucky-route-zero-tv-edition
Guacamelee! Super Turbo Championship Edition,https://www.metacritic.com/game/playstation-4/guacamelee!-super-turbo-championship-edition
Frostpunk: Console Edition,https://www.metacritic.com/game/playstation-4/frostpunk-console-edition
Bloodborne: The Old Hunters,https://www.metacritic.com/game/playstation-4/bloodborne-the-old-hunters
XCOM 2,https://www.metacritic.com/game/playstation-4/xcom-2
Injustice 2,https://www.metacritic.com/game/playstation-4/injustice-2
The Witness,https://www.metacritic.com/game/playstation-4/the-witness
Dead Cells,https://www.metacritic.com/game/playstation-4/dead-cells
Sid Meier's Civilization VI,https://www.metacritic.com/game/playstation-4/sid-meiers-civilization-vi
Final Fantasy VII Remake,https://www.metacritic.com/game/playstation-4/final-fantasy-vii-remake
Street Fighter V: Arcade Edition,https://www.metacritic.com/game/playstation-4/street-fighter-v-arcade-edition
Night in the Woods,https://www.metacritic.com/game/playstation-4/night-in-the-woods
Dragon Ball FighterZ,https://www.metacritic.com/game/playstation-4/dragon-ball-fighterz
Batman: Arkham Knight,https://www.metacritic.com/game/playstation-4/batman-arkham-knight
Marvel's Spider-Man,https://www.metacritic.com/game/playstation-4/marvels-spider-man
Okami HD,https://www.metacritic.com/game/playstation-4/okami-hd
TowerFall Ascension,https://www.metacritic.com/game/playstation-4/towerfall-ascension
Monster Boy and the Cursed Kingdom,https://www.metacritic.com/game/playstation-4/monster-boy-and-the-cursed-kingdom
FIFA 14,https://www.metacritic.com/game/playstation-4/fifa-14
DOOM Eternal,https://www.metacritic.com/game/playstation-4/doom-eternal
Pro Evolution Soccer 2016,https://www.metacritic.com/game/playstation-4/pro-evolution-soccer-2016
Cuphead,https://www.metacritic.com/game/playstation-4/cuphead
Zero Escape: The Nonary Games,https://www.metacritic.com/game/playstation-4/zero-escape-the-nonary-games
Wolfenstein II: The New Colossus,https://www.metacritic.com/game/playstation-4/wolfenstein-ii-the-new-colossus
Odin Sphere Leifthrasir,https://www.metacritic.com/game/playstation-4/odin-sphere-leifthrasir
Dark Souls II: Scholar of the First Sin,https://www.metacritic.com/game/playstation-4/dark-souls-ii-scholar-of-the-first-sin
Sonic Mania Plus,https://www.metacritic.com/game/playstation-4/sonic-mania-plus
NBA 2K16,https://www.metacritic.com/game/playstation-4/nba-2k16
Fallout 4,https://www.metacritic.com/game/playstation-4/fallout-4
Uncharted: The Nathan Drake Collection,https://www.metacritic.com/game/playstation-4/uncharted-the-nathan-drake-collection
Tales from the Borderlands: A Telltale Game Series,https://www.metacritic.com/game/playstation-4/tales-from-the-borderlands-a-telltale-game-series
F1 2017,https://www.metacritic.com/game/playstation-4/f1-2017
F1 2020,https://www.metacritic.com/game/playstation-4/f1-2020
Velocity 2X,https://www.metacritic.com/game/playstation-4/velocity-2x
Stardew Valley,https://www.metacritic.com/game/playstation-4/stardew-valley
Dragon Quest Builders 2,https://www.metacritic.com/game/playstation-4/dragon-quest-builders-2
Steins;Gate Elite,https://www.metacritic.com/game/playstation-4/steinsgate-elite
Thimbleweed Park,https://www.metacritic.com/game/playstation-4/thimbleweed-park
Ni no Kuni: Wrath of the White Witch Remastered,https://www.metacritic.com/game/playstation-4/ni-no-kuni-wrath-of-the-white-witch-remastered
Guilty Gear Xrd -REVELATOR-,https://www.metacritic.com/game/playstation-4/guilty-gear-xrd--revelator-
Final Fantasy XII: The Zodiac Age,https://www.metacritic.com/game/playstation-4/final-fantasy-xii-the-zodiac-age
Fell Seal: Arbiter's Mark,https://www.metacritic.com/game/playstation-4/fell-seal-arbiters-mark
Sonic Mania,https://www.metacritic.com/game/playstation-4/sonic-mania
MLB The Show 19,https://www.metacritic.com/game/playstation-4/mlb-the-show-19
Resident Evil 7: biohazard,https://www.metacritic.com/game/playstation-4/resident-evil-7-biohazard
Beat Saber,https://www.metacritic.com/game/playstation-4/beat-saber
Final Fantasy XIV: Heavensward,https://www.metacritic.com/game/playstation-4/final-fantasy-xiv-heavensward
Final Fantasy XIV Online: A Realm Reborn,https://www.metacritic.com/game/playstation-4/final-fantasy-xiv-online-a-realm-reborn
Dragon Quest XI: Echoes of an Elusive Age,https://www.metacritic.com/game/playstation-4/dragon-quest-xi-echoes-of-an-elusive-age
Destiny: The Taken King,https://www.metacritic.com/game/playstation-4/destiny-the-taken-king
Guilty Gear Xrd: Rev 2,https://www.metacritic.com/game/playstation-4/guilty-gear-xrd-rev-2
OlliOlli2: Welcome to Olliwood,https://www.metacritic.com/game/playstation-4/olliolli2-welcome-to-olliwood
Resogun: Heroes,https://www.metacritic.com/game/playstation-4/resogun-heroes
DiRT Rally,https://www.metacritic.com/game/playstation-4/dirt-rally
Crypt of the NecroDancer,https://www.metacritic.com/game/playstation-4/crypt-of-the-necrodancer
The Outer Worlds,https://www.metacritic.com/game/playstation-4/the-outer-worlds
Battlefield 4,https://www.metacritic.com/game/playstation-4/battlefield-4
Pillars of Eternity: Complete Edition,https://www.metacritic.com/game/playstation-4/pillars-of-eternity-complete-edition
DOOM,https://www.metacritic.com/game/playstation-4/doom
NBA 2K14,https://www.metacritic.com/game/playstation-4/nba-2k14
Life is Strange,https://www.metacritic.com/game/playstation-4/life-is-strange
Nioh: Bloodshed's End,https://www.metacritic.com/game/playstation-4/nioh-bloodsheds-end
Rocket League,https://www.metacritic.com/game/playstation-4/rocket-league
Final Fantasy IX,https://www.metacritic.com/game/playstation-4/final-fantasy-ix
VA-11 Hall-A: Cyberpunk Bartender Action,https://www.metacritic.com/game/playstation-4/va-11-hall-a-cyberpunk-bartender-action
DJMax Respect,https://www.metacritic.com/game/playstation-4/djmax-respect
Pro Evolution Soccer 2017,https://www.metacritic.com/game/playstation-4/pro-evolution-soccer-2017
Resogun: Defenders,https://www.metacritic.com/game/playstation-4/resogun-defenders
Ys VIII: Lacrimosa of DANA,https://www.metacritic.com/game/playstation-4/ys-viii-lacrimosa-of-dana
Nioh 2,https://www.metacritic.com/game/playstation-4/nioh-2
Bayonetta & Vanquish,https://www.metacritic.com/game/playstation-4/bayonetta-vanquish
Yakuza 0,https://www.metacritic.com/game/playstation-4/yakuza-0
MLB The Show 17,https://www.metacritic.com/game/playstation-4/mlb-the-show-17
Destiny 2,https://www.metacritic.com/game/playstation-4/destiny-2
Assault Android Cactus,https://www.metacritic.com/game/playstation-4/assault-android-cactus
Super Mega Baseball,https://www.metacritic.com/game/playstation-4/super-mega-baseball
Yakuza Kiwami 2,https://www.metacritic.com/game/playstation-4/yakuza-kiwami-2
Rogue Legacy,https://www.metacritic.com/game/playstation-4/rogue-legacy
Wipeout: Omega Collection,https://www.metacritic.com/game/playstation-4/wipeout-omega-collection
Mortal Kombat XL,https://www.metacritic.com/game/playstation-4/mortal-kombat-xl
Geometry Wars 3: Dimensions,https://www.metacritic.com/game/playstation-4/geometry-wars-3-dimensions
Ratchet & Clank,https://www.metacritic.com/game/playstation-4/ratchet-clank
MLB The Show 16,https://www.metacritic.com/game/playstation-4/mlb-the-show-16
Valkyria Chronicles 4,https://www.metacritic.com/game/playstation-4/valkyria-chronicles-4
Far Cry 4,https://www.metacritic.com/game/playstation-4/far-cry-4
Moss,https://www.metacritic.com/game/playstation-4/moss
Tomb Raider: Definitive Edition,https://www.metacritic.com/game/playstation-4/tomb-raider-definitive-edition
Shadow Tactics: Blades of the Shogun,https://www.metacritic.com/game/playstation-4/shadow-tactics-blades-of-the-shogun
Super Meat Boy,https://www.metacritic.com/game/playstation-4/super-meat-boy
Pyre,https://www.metacritic.com/game/playstation-4/pyre
FIFA 17,https://www.metacritic.com/game/playstation-4/fifa-17
DiRT 4,https://www.metacritic.com/game/playstation-4/dirt-4
428: Shibuya Scramble,https://www.metacritic.com/game/playstation-4/428-shibuya-scramble
Gone Home: Console Edition,https://www.metacritic.com/game/playstation-4/gone-home-console-edition
Ni no Kuni II: Revenant Kingdom,https://www.metacritic.com/game/playstation-4/ni-no-kuni-ii-revenant-kingdom
Statik,https://www.metacritic.com/game/playstation-4/statik
Valkyria Chronicles Remastered,https://www.metacritic.com/game/playstation-4/valkyria-chronicles-remastered
F1 2018,https://www.metacritic.com/game/playstation-4/f1-2018
Kingdom Hearts HD I.5 + II.5 Remix,https://www.metacritic.com/game/playstation-4/kingdom-hearts-hd-i5-+-ii5-remix
Middle-earth: Shadow of Mordor,https://www.metacritic.com/game/playstation-4/middle-earth-shadow-of-mordor
Guilty Gear Xrd -SIGN-,https://www.metacritic.com/game/playstation-4/guilty-gear-xrd--sign-
BlazBlue: Central Fiction,https://www.metacritic.com/game/playstation-4/blazblue-central-fiction
Salt and Sanctuary,https://www.metacritic.com/game/playstation-4/salt-and-sanctuary
Dark Souls Remastered,https://www.metacritic.com/game/playstation-4/dark-souls-remastered
Day of the Tentacle Remastered,https://www.metacritic.com/game/playstation-4/day-of-the-tentacle-remastered
ZEN Pinball 2: South Park: Super-Sweet Pinball,https://www.metacritic.com/game/playstation-4/zen-pinball-2-south-park-super-sweet-pinball
DiRT Rally 2.0,https://www.metacritic.com/game/playstation-4/dirt-rally-20
Deus Ex: Mankind Divided,https://www.metacritic.com/game/playstation-4/deus-ex-mankind-divided
Thumper,https://www.metacritic.com/game/playstation-4/thumper
Axiom Verge,https://www.metacritic.com/game/playstation-4/axiom-verge
Polybius,https://www.metacritic.com/game/playstation-4/polybius
Uncharted: The Lost Legacy,https://www.metacritic.com/game/playstation-4/uncharted-the-lost-legacy
Wargroove,https://www.metacritic.com/game/playstation-4/wargroove
SoulCalibur VI,https://www.metacritic.com/game/playstation-4/soulcalibur-vi
ZEN Pinball 2: Aliens Vs. Pinball,https://www.metacritic.com/game/playstation-4/zen-pinball-2-aliens-vs-pinball
Hatsune Miku: Project Diva Future Tone - Colorful Tone,https://www.metacritic.com/game/playstation-4/hatsune-miku-project-diva-future-tone---colorful-tone
Hatsune Miku: Project Diva Future Tone - Future Sound,https://www.metacritic.com/game/playstation-4/hatsune-miku-project-diva-future-tone---future-sound
Resogun,https://www.metacritic.com/game/playstation-4/resogun
F1 2019,https://www.metacritic.com/game/playstation-4/f1-2019
Lara Croft GO,https://www.metacritic.com/game/playstation-4/lara-croft-go
Oddworld: Abe's Oddysee - New 'n' Tasty,https://www.metacritic.com/game/playstation-4/oddworld-abes-oddysee---new-n-tasty
Hitman - Episode 2: Sapienza,https://www.metacritic.com/game/playstation-4/hitman---episode-2-sapienza
BioShock: The Collection,https://www.metacritic.com/game/playstation-4/bioshock-the-collection
Hitman,https://www.metacritic.com/game/playstation-4/hitman
Sayonara Wild Hearts,https://www.metacritic.com/game/playstation-4/sayonara-wild-hearts
FIFA 18,https://www.metacritic.com/game/playstation-4/fifa-18
Final Fantasy X / X-2 HD Remaster,https://www.metacritic.com/game/playstation-4/final-fantasy-x-x-2-hd-remaster
Trine 2: Complete Story,https://www.metacritic.com/game/playstation-4/trine-2-complete-story
Assassin's Creed Origins: The Curse of the Pharaohs,https://www.metacritic.com/game/playstation-4/assassins-creed-origins-the-curse-of-the-pharaohs
DmC: Devil May Cry Definitive Edition,https://www.metacritic.com/game/playstation-4/dmc-devil-may-cry-definitive-edition
Disgaea 1 Complete,https://www.metacritic.com/game/playstation-4/disgaea-1-complete
Pro Evolution Soccer 2018,https://www.metacritic.com/game/playstation-4/pro-evolution-soccer-2018
Call of Duty: Black Ops 4,https://www.metacritic.com/game/playstation-4/call-of-duty-black-ops-4
Guacamelee! 2,https://www.metacritic.com/game/playstation-4/guacamelee!-2
FAR: Lone Sails,https://www.metacritic.com/game/playstation-4/far-lone-sails
Bloodstained: Ritual of the Night,https://www.metacritic.com/game/playstation-4/bloodstained-ritual-of-the-night
Assassin's Creed IV: Black Flag,https://www.metacritic.com/game/playstation-4/assassins-creed-iv-black-flag
Crash Team Racing: Nitro-Fueled,https://www.metacritic.com/game/playstation-4/crash-team-racing-nitro-fueled
Kingdom Hearts III,https://www.metacritic.com/game/playstation-4/kingdom-hearts-iii
Red Dead Redemption 2,https://www.metacritic.com/game/xbox-one/red-dead-redemption-2
Grand Theft Auto V,https://www.metacritic.com/game/xbox-one/grand-theft-auto-v
Metal Gear Solid V: The Phantom Pain,https://www.metacritic.com/game/xbox-one/metal-gear-solid-v-the-phantom-pain
Celeste,https://www.metacritic.com/game/xbox-one/celeste
Resident Evil 2,https://www.metacritic.com/game/xbox-one/resident-evil-2
INSIDE,https://www.metacritic.com/game/xbox-one/inside
Forza Horizon 4,https://www.metacritic.com/game/xbox-one/forza-horizon-4
Divinity: Original Sin II - Definitive Edition,https://www.metacritic.com/game/xbox-one/divinity-original-sin-ii---definitive-edition
What Remains of Edith Finch,https://www.metacritic.com/game/xbox-one/what-remains-of-edith-finch
The Witcher 3: Wild Hunt,https://www.metacritic.com/game/xbox-one/the-witcher-3-wild-hunt
Overwatch,https://www.metacritic.com/game/xbox-one/overwatch
Sekiro: Shadows Die Twice,https://www.metacritic.com/game/xbox-one/sekiro-shadows-die-twice
Forza Horizon 3,https://www.metacritic.com/game/xbox-one/forza-horizon-3
Dead Cells,https://www.metacritic.com/game/xbox-one/dead-cells
F1 2020,https://www.metacritic.com/game/xbox-one/f1-2020
Monster Hunter: World - Iceborne,https://www.metacritic.com/game/xbox-one/monster-hunter-world---iceborne
NieR: Automata - Become as Gods Edition,https://www.metacritic.com/game/xbox-one/nier-automata---become-as-gods-edition
Monster Hunter: World,https://www.metacritic.com/game/xbox-one/monster-hunter-world
Ori and the Will of the Wisps,https://www.metacritic.com/game/xbox-one/ori-and-the-will-of-the-wisps
NBA 2K17,https://www.metacritic.com/game/xbox-one/nba-2k17
Yakuza 0,https://www.metacritic.com/game/xbox-one/yakuza-0
F1 2019,https://www.metacritic.com/game/xbox-one/f1-2019
Dark Souls II: Scholar of the First Sin,https://www.metacritic.com/game/xbox-one/dark-souls-ii-scholar-of-the-first-sin
Stardew Valley,https://www.metacritic.com/game/xbox-one/stardew-valley
Destiny: The Taken King,https://www.metacritic.com/game/xbox-one/destiny-the-taken-king
Injustice 2,https://www.metacritic.com/game/xbox-one/injustice-2
Fallout 4,https://www.metacritic.com/game/xbox-one/fallout-4
N++,https://www.metacritic.com/game/xbox-one/n++
Wolfenstein II: The New Colossus,https://www.metacritic.com/game/xbox-one/wolfenstein-ii-the-new-colossus
Divinity: Original Sin Enhanced Edition,https://www.metacritic.com/game/xbox-one/divinity-original-sin-enhanced-edition
FIFA 14,https://www.metacritic.com/game/xbox-one/fifa-14
Ori and the Blind Forest: Definitive Edition,https://www.metacritic.com/game/xbox-one/ori-and-the-blind-forest-definitive-edition
Dishonored 2,https://www.metacritic.com/game/xbox-one/dishonored-2
The Banner Saga 3,https://www.metacritic.com/game/xbox-one/the-banner-saga-3
DOOM Eternal,https://www.metacritic.com/game/xbox-one/doom-eternal
Minecraft: Xbox One Edition,https://www.metacritic.com/game/xbox-one/minecraft-xbox-one-edition
Guacamelee! Super Turbo Championship Edition,https://www.metacritic.com/game/xbox-one/guacamelee!-super-turbo-championship-edition
Ori and the Blind Forest,https://www.metacritic.com/game/xbox-one/ori-and-the-blind-forest
Apex Legends,https://www.metacritic.com/game/xbox-one/apex-legends
Hellblade: Senua's Sacrifice,https://www.metacritic.com/game/xbox-one/hellblade-senuas-sacrifice
Devil May Cry 5,https://www.metacritic.com/game/xbox-one/devil-may-cry-5
Middle-earth: Shadow of Mordor,https://www.metacritic.com/game/xbox-one/middle-earth-shadow-of-mordor
DOOM,https://www.metacritic.com/game/xbox-one/doom
Battlefield 1,https://www.metacritic.com/game/xbox-one/battlefield-1
Dark Souls III,https://www.metacritic.com/game/xbox-one/dark-souls-iii
Assassin's Creed Odyssey,https://www.metacritic.com/game/xbox-one/assassins-creed-odyssey
Forza Motorsport 6,https://www.metacritic.com/game/xbox-one/forza-motorsport-6
Rocket League,https://www.metacritic.com/game/xbox-one/rocket-league
Kentucky Route Zero: TV Edition,https://www.metacritic.com/game/xbox-one/kentucky-route-zero-tv-edition
Pro Evolution Soccer 2017,https://www.metacritic.com/game/xbox-one/pro-evolution-soccer-2017
Titanfall 2,https://www.metacritic.com/game/xbox-one/titanfall-2
Huntdown,https://www.metacritic.com/game/xbox-one/huntdown
Destiny 2,https://www.metacritic.com/game/xbox-one/destiny-2
Forza Horizon 3: Blizzard Mountain,https://www.metacritic.com/game/xbox-one/forza-horizon-3-blizzard-mountain
XCOM 2,https://www.metacritic.com/game/xbox-one/xcom-2
Forza Horizon 3: Hot Wheels,https://www.metacritic.com/game/xbox-one/forza-horizon-3-hot-wheels
Okami HD,https://www.metacritic.com/game/xbox-one/okami-hd
Thumper,https://www.metacritic.com/game/xbox-one/thumper
The Witness,https://www.metacritic.com/game/xbox-one/the-witness
DiRT Rally,https://www.metacritic.com/game/xbox-one/dirt-rally
Sid Meier's Civilization VI,https://www.metacritic.com/game/xbox-one/sid-meiers-civilization-vi
Cuphead,https://www.metacritic.com/game/xbox-one/cuphead
Killer Instinct Season 3,https://www.metacritic.com/game/xbox-one/killer-instinct-season-3
Pillars of Eternity: Complete Edition,https://www.metacritic.com/game/xbox-one/pillars-of-eternity-complete-edition
Shovel Knight,https://www.metacritic.com/game/xbox-one/shovel-knight
NBA 2K14,https://www.metacritic.com/game/xbox-one/nba-2k14
DmC: Devil May Cry Definitive Edition,https://www.metacritic.com/game/xbox-one/dmc-devil-may-cry-definitive-edition
Sky Force Reloaded,https://www.metacritic.com/game/xbox-one/sky-force-reloaded
NBA 2K16,https://www.metacritic.com/game/xbox-one/nba-2k16
Titanfall,https://www.metacritic.com/game/xbox-one/titanfall
Diablo III: Ultimate Evil Edition,https://www.metacritic.com/game/xbox-one/diablo-iii-ultimate-evil-edition
Resident Evil 7: biohazard,https://www.metacritic.com/game/xbox-one/resident-evil-7-biohazard
Dragon Ball FighterZ,https://www.metacritic.com/game/xbox-one/dragon-ball-fighterz
Destiny 2: Forsaken,https://www.metacritic.com/game/xbox-one/destiny-2-forsaken
Mortal Kombat 11,https://www.metacritic.com/game/xbox-one/mortal-kombat-11
Tomb Raider: Definitive Edition,https://www.metacritic.com/game/xbox-one/tomb-raider-definitive-edition
Rise of the Tomb Raider,https://www.metacritic.com/game/xbox-one/rise-of-the-tomb-raider
Forza Horizon 2,https://www.metacritic.com/game/xbox-one/forza-horizon-2
Observer,https://www.metacritic.com/game/xbox-one/observer
Dying Light: The Following,https://www.metacritic.com/game/xbox-one/dying-light-the-following
DiRT 4,https://www.metacritic.com/game/xbox-one/dirt-4
Forza Motorsport 7,https://www.metacritic.com/game/xbox-one/forza-motorsport-7
Mortal Kombat X,https://www.metacritic.com/game/xbox-one/mortal-kombat-x
Dark Souls Remastered,https://www.metacritic.com/game/xbox-one/dark-souls-remastered
NHL 20,https://www.metacritic.com/game/xbox-one/nhl-20
Thronebreaker: The Witcher Tales,https://www.metacritic.com/game/xbox-one/thronebreaker-the-witcher-tales
Firewatch,https://www.metacritic.com/game/xbox-one/firewatch
Guacamelee! 2,https://www.metacritic.com/game/xbox-one/guacamelee!-2
Call of Duty: Black Ops 4,https://www.metacritic.com/game/xbox-one/call-of-duty-black-ops-4
Batman: Arkham Knight,https://www.metacritic.com/game/xbox-one/batman-arkham-knight
Assassin's Creed Origins,https://www.metacritic.com/game/xbox-one/assassins-creed-origins
Dragon Age: Inquisition,https://www.metacritic.com/game/xbox-one/dragon-age-inquisition
The Outer Worlds,https://www.metacritic.com/game/xbox-one/the-outer-worlds
F1 2016,https://www.metacritic.com/game/xbox-one/f1-2016
Final Fantasy X / X-2 HD Remaster,https://www.metacritic.com/game/xbox-one/final-fantasy-x-x-2-hd-remaster
Halo: The Master Chief Collection,https://www.metacritic.com/game/xbox-one/halo-the-master-chief-collection
Pro Evolution Soccer 2016,https://www.metacritic.com/game/xbox-one/pro-evolution-soccer-2016
Age of Wonders: Planetfall,https://www.metacritic.com/game/xbox-one/age-of-wonders-planetfall
PlayerUnknown's Battlegrounds,https://www.metacritic.com/game/xbox-one/playerunknowns-battlegrounds
The Walking Dead: The Telltale Definitive Series,https://www.metacritic.com/game/xbox-one/the-walking-dead-the-telltale-definitive-series
Monster Boy and the Cursed Kingdom,https://www.metacritic.com/game/xbox-one/monster-boy-and-the-cursed-kingdom
Trials Rising,https://www.metacritic.com/game/xbox-one/trials-rising
NBA 2K18,https://www.metacritic.com/game/xbox-one/nba-2k18
Outer Wilds,https://www.metacritic.com/game/xbox-one/outer-wilds
Desperados III,https://www.metacritic.com/game/xbox-one/desperados-iii
Enter The Gungeon,https://www.metacritic.com/game/xbox-one/enter-the-gungeon
Project CARS 2,https://www.metacritic.com/game/xbox-one/project-cars-2
Crash Team Racing: Nitro-Fueled,https://www.metacritic.com/game/xbox-one/crash-team-racing-nitro-fueled
Rare Replay,https://www.metacritic.com/game/xbox-one/rare-replay
South Park: The Fractured But Whole,https://www.metacritic.com/game/xbox-one/south-park-the-fractured-but-whole
FIFA 17,https://www.metacritic.com/game/xbox-one/fifa-17
BioShock: The Collection,https://www.metacritic.com/game/xbox-one/bioshock-the-collection
Prey,https://www.metacritic.com/game/xbox-one/prey
Gears 5,https://www.metacritic.com/game/xbox-one/gears-5
Gears of War 4,https://www.metacritic.com/game/xbox-one/gears-of-war-4
Halo 5: Guardians,https://www.metacritic.com/game/xbox-one/halo-5-guardians
F1 2017,https://www.metacritic.com/game/xbox-one/f1-2017
F1 2018,https://www.metacritic.com/game/xbox-one/f1-2018
Battle Chasers: Nightwar,https://www.metacritic.com/game/xbox-one/battle-chasers-nightwar
SoulCalibur VI,https://www.metacritic.com/game/xbox-one/soulcalibur-vi
Frostpunk: Console Edition,https://www.metacritic.com/game/xbox-one/frostpunk-console-edition
The Missing: JJ Macfield and the Island of Memories,https://www.metacritic.com/game/xbox-one/the-missing-jj-macfield-and-the-island-of-memories
EA SPORTS UFC 4,https://www.metacritic.com/game/xbox-one/ea-sports-ufc-4
Dishonored: Death of the Outsider,https://www.metacritic.com/game/xbox-one/dishonored-death-of-the-outsider
The Banner Saga 2,https://www.metacritic.com/game/xbox-one/the-banner-saga-2
Two Point Hospital,https://www.metacritic.com/game/xbox-one/two-point-hospital
Bloodstained: Ritual of the Night,https://www.metacritic.com/game/xbox-one/bloodstained-ritual-of-the-night
FRU,https://www.metacritic.com/game/xbox-one/fru
Thimbleweed Park,https://www.metacritic.com/game/xbox-one/thimbleweed-park
Metro Redux,https://www.metacritic.com/game/xbox-one/metro-redux
Yooka-Laylee and the Impossible Lair,https://www.metacritic.com/game/xbox-one/yooka-laylee-and-the-impossible-lair
Moonlighter,https://www.metacritic.com/game/xbox-one/moonlighter
Assault Android Cactus,https://www.metacritic.com/game/xbox-one/assault-android-cactus
Hitman 2,https://www.metacritic.com/game/xbox-one/hitman-2
Madden NFL 16,https://www.metacritic.com/game/xbox-one/madden-nfl-16
Control,https://www.metacritic.com/game/xbox-one/control
FIFA 16,https://www.metacritic.com/game/xbox-one/fifa-16
Resident Evil 3,https://www.metacritic.com/game/xbox-one/resident-evil-3
Final Fantasy XV,https://www.metacritic.com/game/xbox-one/final-fantasy-xv
Overcooked! 2,https://www.metacritic.com/game/xbox-one/overcooked!-2
FIFA 18,https://www.metacritic.com/game/xbox-one/fifa-18
Sonic Mania,https://www.metacritic.com/game/xbox-one/sonic-mania
Bayonetta & Vanquish,https://www.metacritic.com/game/xbox-one/bayonetta-vanquish
Wreckfest,https://www.metacritic.com/game/xbox-one/wreckfest
Forgotton Anne,https://www.metacritic.com/game/xbox-one/forgotton-anne
NBA 2K19,https://www.metacritic.com/game/xbox-one/nba-2k19
Madden NFL 17,https://www.metacritic.com/game/xbox-one/madden-nfl-17
SteamWorld Dig,https://www.metacritic.com/game/xbox-one/steamworld-dig
Deus Ex: Mankind Divided,https://www.metacritic.com/game/xbox-one/deus-ex-mankind-divided
Castle Crashers Remastered,https://www.metacritic.com/game/xbox-one/castle-crashers-remastered
Super Mega Baseball 3,https://www.metacritic.com/game/xbox-one/super-mega-baseball-3
SUPERHOT,https://www.metacritic.com/game/xbox-one/superhot
Path of Exile: The Fall of Oriath,https://www.metacritic.com/game/xbox-one/path-of-exile-the-fall-of-oriath
Little Nightmares,https://www.metacritic.com/game/xbox-one/little-nightmares
A Plague Tale: Innocence,https://www.metacritic.com/game/xbox-one/a-plague-tale-innocence
Spyro Reignited Trilogy,https://www.metacritic.com/game/xbox-one/spyro-reignited-trilogy
FIFA 19,https://www.metacritic.com/game/xbox-one/fifa-19
Owlboy,https://www.metacritic.com/game/xbox-one/owlboy
OlliOlli2: XL Edition,https://www.metacritic.com/game/xbox-one/olliolli2-xl-edition
Yoku's Island Express,https://www.metacritic.com/game/xbox-one/yokus-island-express
Warhammer: Vermintide 2,https://www.metacritic.com/game/xbox-one/warhammer-vermintide-2
Batman: The Telltale Series - Episode 2: Children of Arkham,https://www.metacritic.com/game/xbox-one/batman-the-telltale-series---episode-2-children-of-arkham
SOMA,https://www.metacritic.com/game/xbox-one/soma
Gears of War: Ultimate Edition,https://www.metacritic.com/game/xbox-one/gears-of-war-ultimate-edition
Super Hydorah,https://www.metacritic.com/game/xbox-one/super-hydorah
Stealth Inc 2: A Game of Clones,https://www.metacritic.com/game/xbox-one/stealth-inc-2-a-game-of-clones
Streets of Rage 4,https://www.metacritic.com/game/xbox-one/streets-of-rage-4
The Sexy Brutale,https://www.metacritic.com/game/xbox-one/the-sexy-brutale
Child of Light,https://www.metacritic.com/game/xbox-one/child-of-light
Shadow of the Tomb Raider,https://www.metacritic.com/game/xbox-one/shadow-of-the-tomb-raider
Forza Horizon 2: Storm Island,https://www.metacritic.com/game/xbox-one/forza-horizon-2-storm-island
Geometry Wars 3: Dimensions,https://www.metacritic.com/game/xbox-one/geometry-wars-3-dimensions
SUPERHOT: MIND CONTROL DELETE,https://www.metacritic.com/game/xbox-one/superhot-mind-control-delete
RiME,https://www.metacritic.com/game/xbox-one/rime
Blazing Chrome,https://www.metacritic.com/game/xbox-one/blazing-chrome
Operencia: The Stolen Sun,https://www.metacritic.com/game/xbox-one/operencia-the-stolen-sun
NHL 19,https://www.metacritic.com/game/xbox-one/nhl-19
Lovers in a Dangerous Spacetime,https://www.metacritic.com/game/xbox-one/lovers-in-a-dangerous-spacetime
Tom Clancy's The Division 2,https://www.metacritic.com/game/xbox-one/tom-clancys-the-division-2
Borderlands 3,https://www.metacritic.com/game/xbox-one/borderlands-3
Blasphemous,https://www.metacritic.com/game/xbox-one/blasphemous
FIFA 15,https://www.metacritic.com/game/xbox-one/fifa-15
Prey: Mooncrash,https://www.metacritic.com/game/xbox-one/prey-mooncrash
Tales From The Borderlands: Episode 1 - Zer0 Sum,https://www.metacritic.com/game/xbox-one/tales-from-the-borderlands-episode-1---zer0-sum
AVICII Invector,https://www.metacritic.com/game/xbox-one/avicii-invector
eFootball PES 2020,https://www.metacritic.com/game/xbox-one/efootball-pes-2020
SNK 40th Anniversary Collection,https://www.metacritic.com/game/xbox-one/snk-40th-anniversary-collection
Hand of Fate 2,https://www.metacritic.com/game/xbox-one/hand-of-fate-2
10 Second Ninja X,https://www.metacritic.com/game/xbox-one/10-second-ninja-x
Far Cry 5,https://www.metacritic.com/game/xbox-one/far-cry-5
The Evil Within 2,https://www.metacritic.com/game/xbox-one/the-evil-within-2
Pro Evolution Soccer 2019,https://www.metacritic.com/game/xbox-one/pro-evolution-soccer-2019
The Elder Scrolls V: Skyrim Special Edition,https://www.metacritic.com/game/xbox-one/the-elder-scrolls-v-skyrim-special-edition
DiRT Rally 2.0,https://www.metacritic.com/game/xbox-one/dirt-rally-20
Pro Evolution Soccer 2018,https://www.metacritic.com/game/xbox-one/pro-evolution-soccer-2018
NBA 2K15,https://www.metacritic.com/game/xbox-one/nba-2k15
MotoGP 20,https://www.metacritic.com/game/xbox-one/motogp-20
Indivisible,https://www.metacritic.com/game/xbox-one/indivisible
Metro Exodus,https://www.metacritic.com/game/xbox-one/metro-exodus
Tom Clancy's The Division 2: Warlords of New York,https://www.metacritic.com/game/xbox-one/tom-clancys-the-division-2-warlords-of-new-york
The Legend of Zelda: Breath of the Wild,https://www.metacritic.com/game/switch/the-legend-of-zelda-breath-of-the-wild
Super Mario Odyssey,https://www.metacritic.com/game/switch/super-mario-odyssey
Divinity: Original Sin II - Definitive Edition,https://www.metacritic.com/game/switch/divinity-original-sin-ii---definitive-edition
Undertale,https://www.metacritic.com/game/switch/undertale
Super Smash Bros. Ultimate,https://www.metacritic.com/game/switch/super-smash-bros-ultimate
Celeste,https://www.metacritic.com/game/switch/celeste
Bayonetta 2,https://www.metacritic.com/game/switch/bayonetta-2
Mario Kart 8 Deluxe,https://www.metacritic.com/game/switch/mario-kart-8-deluxe
INSIDE,https://www.metacritic.com/game/switch/inside
Dragon Quest XI S: Echoes of an Elusive Age - Definitive Edition,https://www.metacritic.com/game/switch/dragon-quest-xi-s-echoes-of-an-elusive-age---definitive-edition
Sonic Mania Plus,https://www.metacritic.com/game/switch/sonic-mania-plus
SteamWorld Heist: Ultimate Edition,https://www.metacritic.com/game/switch/steamworld-heist-ultimate-edition
Shovel Knight: Treasure Trove,https://www.metacritic.com/game/switch/shovel-knight-treasure-trove
Animal Crossing: New Horizons,https://www.metacritic.com/game/switch/animal-crossing-new-horizons
Bastion,https://www.metacritic.com/game/switch/bastion
Hollow Knight,https://www.metacritic.com/game/switch/hollow-knight
Ori and the Blind Forest: Definitive Edition,https://www.metacritic.com/game/switch/ori-and-the-blind-forest-definitive-edition
Bayonetta + Bayonetta 2,https://www.metacritic.com/game/switch/bayonetta-+-bayonetta-2
Dead Cells,https://www.metacritic.com/game/switch/dead-cells
Into the Breach,https://www.metacritic.com/game/switch/into-the-breach
Xenoblade Chronicles: Definitive Edition,https://www.metacritic.com/game/switch/xenoblade-chronicles-definitive-edition
Fire Emblem: Three Houses,https://www.metacritic.com/game/switch/fire-emblem-three-houses
Okami HD,https://www.metacritic.com/game/switch/okami-hd
Hyper Light Drifter,https://www.metacritic.com/game/switch/hyper-light-drifter
What Remains of Edith Finch,https://www.metacritic.com/game/switch/what-remains-of-edith-finch
Super Mario Maker 2,https://www.metacritic.com/game/switch/super-mario-maker-2
Downwell,https://www.metacritic.com/game/switch/downwell
Diablo III: Eternal Collection,https://www.metacritic.com/game/switch/diablo-iii-eternal-collection
SteamWorld Dig 2,https://www.metacritic.com/game/switch/steamworld-dig-2
Ikaruga,https://www.metacritic.com/game/switch/ikaruga
Cave Story +,https://www.metacritic.com/game/switch/cave-story-+
Stardew Valley,https://www.metacritic.com/game/switch/stardew-valley
Cuphead,https://www.metacritic.com/game/switch/cuphead
Astral Chain,https://www.metacritic.com/game/switch/astral-chain
Dragon Ball FighterZ,https://www.metacritic.com/game/switch/dragon-ball-fighterz
Guacamelee! 2,https://www.metacritic.com/game/switch/guacamelee!-2
Enter the Gungeon,https://www.metacritic.com/game/switch/enter-the-gungeon
The Legend of Zelda: Link's Awakening,https://www.metacritic.com/game/switch/the-legend-of-zelda-links-awakening
Kentucky Route Zero: TV Edition,https://www.metacritic.com/game/switch/kentucky-route-zero-tv-edition
Super Mega Baseball 3,https://www.metacritic.com/game/switch/super-mega-baseball-3
Axiom Verge,https://www.metacritic.com/game/switch/axiom-verge
Katamari Damacy REROLL,https://www.metacritic.com/game/switch/katamari-damacy-reroll
Owlboy,https://www.metacritic.com/game/switch/owlboy
Velocity 2X,https://www.metacritic.com/game/switch/velocity-2x
Iconoclasts,https://www.metacritic.com/game/switch/iconoclasts
Rocket League,https://www.metacritic.com/game/switch/rocket-league
The Messenger,https://www.metacritic.com/game/switch/the-messenger
Huntdown,https://www.metacritic.com/game/switch/huntdown
Donkey Kong Country: Tropical Freeze,https://www.metacritic.com/game/switch/donkey-kong-country-tropical-freeze
Monster Boy and the Cursed Kingdom,https://www.metacritic.com/game/switch/monster-boy-and-the-cursed-kingdom
Transistor,https://www.metacritic.com/game/switch/transistor
Minecraft: Switch Edition,https://www.metacritic.com/game/switch/minecraft-switch-edition
Shantae and the Pirate's Curse,https://www.metacritic.com/game/switch/shantae-and-the-pirates-curse
Streets of Rage 4,https://www.metacritic.com/game/switch/streets-of-rage-4
Guacamelee! Super Turbo Championship Edition,https://www.metacritic.com/game/switch/guacamelee!-super-turbo-championship-edition
Star Wars Pinball,https://www.metacritic.com/game/switch/star-wars-pinball
AI: The Somnium Files,https://www.metacritic.com/game/switch/ai-the-somnium-files
Sid Meier's Civilization VI,https://www.metacritic.com/game/switch/sid-meiers-civilization-vi
Crypt of the NecroDancer: Nintendo Switch Edition,https://www.metacritic.com/game/switch/crypt-of-the-necrodancer-nintendo-switch-edition
Warframe,https://www.metacritic.com/game/switch/warframe
Luigi's Mansion 3,https://www.metacritic.com/game/switch/luigis-mansion-3
Assault Android Cactus+,https://www.metacritic.com/game/switch/assault-android-cactus+
BlazBlue: Central Fiction - Special Edition,https://www.metacritic.com/game/switch/blazblue-central-fiction---special-edition
Sonic Mania,https://www.metacritic.com/game/switch/sonic-mania
Mini Metro,https://www.metacritic.com/game/switch/mini-metro
Cadence of Hyrule: Crypt of the NecroDancer Featuring The Legend of Zelda,https://www.metacritic.com/game/switch/cadence-of-hyrule-crypt-of-the-necrodancer-featuring-the-legend-of-zelda
Thumper,https://www.metacritic.com/game/switch/thumper
Blaster Master Zero II,https://www.metacritic.com/game/switch/blaster-master-zero-ii
Final Fantasy XII: The Zodiac Age,https://www.metacritic.com/game/switch/final-fantasy-xii-the-zodiac-age
Slay the Spire,https://www.metacritic.com/game/switch/slay-the-spire
Bug Fables: The Everlasting Sapling,https://www.metacritic.com/game/switch/bug-fables-the-everlasting-sapling
Night in the Woods,https://www.metacritic.com/game/switch/night-in-the-woods
The Witcher 3: Wild Hunt - Complete Edition,https://www.metacritic.com/game/switch/the-witcher-3-wild-hunt---complete-edition
The Binding of Isaac: Afterbirth +,https://www.metacritic.com/game/switch/the-binding-of-isaac-afterbirth-+
Two Point Hospital,https://www.metacritic.com/game/switch/two-point-hospital
Dragon Quest Builders 2,https://www.metacritic.com/game/switch/dragon-quest-builders-2
Lonely Mountains: Downhill,https://www.metacritic.com/game/switch/lonely-mountains-downhill
West of Loathing,https://www.metacritic.com/game/switch/west-of-loathing
Steins;Gate Elite,https://www.metacritic.com/game/switch/steinsgate-elite
Darkest Dungeon,https://www.metacritic.com/game/switch/darkest-dungeon
Mutant Mudds Collection,https://www.metacritic.com/game/switch/mutant-mudds-collection
NeuroVoider,https://www.metacritic.com/game/switch/neurovoider
Final Fantasy X / X-2 HD Remaster,https://www.metacritic.com/game/switch/final-fantasy-x-x-2-hd-remaster
Mario + Rabbids: Kingdom Battle,https://www.metacritic.com/game/switch/mario-+-rabbids-kingdom-battle
Disgaea 4 Complete+,https://www.metacritic.com/game/switch/disgaea-4-complete+
Keep Talking and Nobody Explodes,https://www.metacritic.com/game/switch/keep-talking-and-nobody-explodes
Shantae: Half-Genie Hero - Ultimate Edition,https://www.metacritic.com/game/switch/shantae-half-genie-hero---ultimate-edition
The Legend of Heroes: Trails of Cold Steel III,https://www.metacritic.com/game/switch/the-legend-of-heroes-trails-of-cold-steel-iii
Thronebreaker: The Witcher Tales,https://www.metacritic.com/game/switch/thronebreaker-the-witcher-tales
Valkyria Chronicles,https://www.metacritic.com/game/switch/valkyria-chronicles
Shovel Knight: Specter of Torment,https://www.metacritic.com/game/switch/shovel-knight-specter-of-torment
WHAT THE GOLF?,https://www.metacritic.com/game/switch/what-the-golf
80 DAYS,https://www.metacritic.com/game/switch/80-days
VA-11 Hall-A: Cyberpunk Bartender Action,https://www.metacritic.com/game/switch/va-11-hall-a-cyberpunk-bartender-action
Toki Tori 2 +,https://www.metacritic.com/game/switch/toki-tori-2-+
Bayonetta,https://www.metacritic.com/game/switch/bayonetta
Mega Man X Legacy Collection,https://www.metacritic.com/game/switch/mega-man-x-legacy-collection
Rayman Legends: Definitive Edition,https://www.metacritic.com/game/switch/rayman-legends-definitive-edition
The Elder Scrolls V: Skyrim,https://www.metacritic.com/game/switch/the-elder-scrolls-v-skyrim
Tangle Tower,https://www.metacritic.com/game/switch/tangle-tower
Kingdom: Two Crowns,https://www.metacritic.com/game/switch/kingdom-two-crowns
Child of Light,https://www.metacritic.com/game/switch/child-of-light
Wargroove,https://www.metacritic.com/game/switch/wargroove
Lovers in a Dangerous Spacetime,https://www.metacritic.com/game/switch/lovers-in-a-dangerous-spacetime
BioShock: The Collection,https://www.metacritic.com/game/switch/bioshock-the-collection
"Snipperclips Plus: Cut It Out, Together!",https://www.metacritic.com/game/switch/snipperclips-plus-cut-it-out-together!
CrossCode,https://www.metacritic.com/game/switch/crosscode
Atelier Ryza: Ever Darkness & the Secret Hideout,https://www.metacritic.com/game/switch/atelier-ryza-ever-darkness-the-secret-hideout
Danmaku Unlimited 3,https://www.metacritic.com/game/switch/danmaku-unlimited-3
Sega Ages: Fantasy Zone,https://www.metacritic.com/game/switch/sega-ages-fantasy-zone
Baba Is You,https://www.metacritic.com/game/switch/baba-is-you
Sayonara Wild Hearts,https://www.metacritic.com/game/switch/sayonara-wild-hearts
Timespinner,https://www.metacritic.com/game/switch/timespinner
Ape Out,https://www.metacritic.com/game/switch/ape-out
To the Moon,https://www.metacritic.com/game/switch/to-the-moon
Sega Ages: OutRun,https://www.metacritic.com/game/switch/sega-ages-outrun
Super Meat Boy,https://www.metacritic.com/game/switch/super-meat-boy
Ni no Kuni: Wrath of the White Witch,https://www.metacritic.com/game/switch/ni-no-kuni-wrath-of-the-white-witch
World of Goo,https://www.metacritic.com/game/switch/world-of-goo
Just Shapes & Beats,https://www.metacritic.com/game/switch/just-shapes-beats
Lumines Remastered,https://www.metacritic.com/game/switch/lumines-remastered
Fortnite,https://www.metacritic.com/game/switch/fortnite
Tetris 99,https://www.metacritic.com/game/switch/tetris-99
Tales of Vesperia: Definitive Edition,https://www.metacritic.com/game/switch/tales-of-vesperia-definitive-edition
Alien: Isolation,https://www.metacritic.com/game/switch/alien-isolation
Mega Man Legacy Collection,https://www.metacritic.com/game/switch/mega-man-legacy-collection
Duck Game,https://www.metacritic.com/game/switch/duck-game
Splatoon 2,https://www.metacritic.com/game/switch/splatoon-2
Knights and Bikes,https://www.metacritic.com/game/switch/knights-and-bikes
Shovel Knight: King of Cards,https://www.metacritic.com/game/switch/shovel-knight-king-of-cards
The Banner Saga 3,https://www.metacritic.com/game/switch/the-banner-saga-3
Octopath Traveler,https://www.metacritic.com/game/switch/octopath-traveler
Mega Man Zero / ZX Legacy Collection,https://www.metacritic.com/game/switch/mega-man-zero-zx-legacy-collection
OlliOlli: Switch Stance,https://www.metacritic.com/game/switch/olliolli-switch-stance
Moonlighter,https://www.metacritic.com/game/switch/moonlighter
Ring Fit Adventure,https://www.metacritic.com/game/switch/ring-fit-adventure
GRIS,https://www.metacritic.com/game/switch/gris
LIMBO,https://www.metacritic.com/game/switch/limbo
Xenoblade Chronicles 2,https://www.metacritic.com/game/switch/xenoblade-chronicles-2
Dark Souls Remastered,https://www.metacritic.com/game/switch/dark-souls-remastered
Collection of Mana,https://www.metacritic.com/game/switch/collection-of-mana
Overcooked! 2: Surf 'n' Turf,https://www.metacritic.com/game/switch/overcooked!-2-surf-n-turf
Sega Ages: Sonic the Hedgehog 2,https://www.metacritic.com/game/switch/sega-ages-sonic-the-hedgehog-2
Gorogoa,https://www.metacritic.com/game/switch/gorogoa
Katana ZERO,https://www.metacritic.com/game/switch/katana-zero
Killer Queen Black,https://www.metacritic.com/game/switch/killer-queen-black
Splasher,https://www.metacritic.com/game/switch/splasher
Dynasty Warriors 8: Xtreme Legends - Definitive Edition,https://www.metacritic.com/game/switch/dynasty-warriors-8-xtreme-legends---definitive-edition
Flipping Death,https://www.metacritic.com/game/switch/flipping-death
Worms W.M.D,https://www.metacritic.com/game/switch/worms-wmd
Code:Realize - Guardian of Rebirth,https://www.metacritic.com/game/switch/coderealize---guardian-of-rebirth
Reventure,https://www.metacritic.com/game/switch/reventure
Yoku's Island Express,https://www.metacritic.com/game/switch/yokus-island-express
Pinball FX3,https://www.metacritic.com/game/switch/pinball-fx3
Flat Heroes,https://www.metacritic.com/game/switch/flat-heroes
Horizon Chase Turbo,https://www.metacritic.com/game/switch/horizon-chase-turbo
Ruiner,https://www.metacritic.com/game/switch/ruiner
Mario + Rabbids: Kingdom Battle - Donkey Kong Adventure,https://www.metacritic.com/game/switch/mario-+-rabbids-kingdom-battle---donkey-kong-adventure
Valkyria Chronicles 4,https://www.metacritic.com/game/switch/valkyria-chronicles-4
Sega Ages: Virtua Racing,https://www.metacritic.com/game/switch/sega-ages-virtua-racing
Under Night In-Birth Exe:Late[cl-r],https://www.metacritic.com/game/switch/under-night-in-birth-exelatecl-r
Terraria,https://www.metacritic.com/game/switch/terraria
Swords & Soldiers II: Shawarmageddon,https://www.metacritic.com/game/switch/swords-soldiers-ii-shawarmageddon
Salt and Sanctuary,https://www.metacritic.com/game/switch/salt-and-sanctuary
Hotline Miami Collection,https://www.metacritic.com/game/switch/hotline-miami-collection
Vectronom,https://www.metacritic.com/game/switch/vectronom
Slime-san,https://www.metacritic.com/game/switch/slime-san
Devil May Cry 3: Special Edition,https://www.metacritic.com/game/switch/devil-may-cry-3-special-edition
Borderlands Legendary Collection,https://www.metacritic.com/game/switch/borderlands-legendary-collection
Clubhouse Games: 51 Worldwide Classics,https://www.metacritic.com/game/switch/clubhouse-games-51-worldwide-classics
Splatoon 2: Octo Expansion,https://www.metacritic.com/game/switch/splatoon-2-octo-expansion
Bloodstained: Curse of the Moon,https://www.metacritic.com/game/switch/bloodstained-curse-of-the-moon
Freedom Planet,https://www.metacritic.com/game/switch/freedom-planet
Ys VIII: Lacrimosa of DANA,https://www.metacritic.com/game/switch/ys-viii-lacrimosa-of-dana
Thimbleweed Park,https://www.metacritic.com/game/switch/thimbleweed-park
Pillars of Eternity: Complete Edition,https://www.metacritic.com/game/switch/pillars-of-eternity-complete-edition
Toki Tori,https://www.metacritic.com/game/switch/toki-tori
Shantae: Half-Genie Hero,https://www.metacritic.com/game/switch/shantae-half-genie-hero
Victor Vran: Overkill Edition,https://www.metacritic.com/game/switch/victor-vran-overkill-edition
Unravel Two,https://www.metacritic.com/game/switch/unravel-two
Captain Toad: Treasure Tracker,https://www.metacritic.com/game/switch/captain-toad-treasure-tracker
Wandersong,https://www.metacritic.com/game/switch/wandersong
RIVE: Ultimate Edition,https://www.metacritic.com/game/switch/rive-ultimate-edition
Azure Striker Gunvolt: Striker Pack,https://www.metacritic.com/game/switch/azure-striker-gunvolt-striker-pack
Final Fantasy VII,https://www.metacritic.com/game/switch/final-fantasy-vii
Dragon Quest Builders,https://www.metacritic.com/game/switch/dragon-quest-builders
Cytus Alpha,https://www.metacritic.com/game/switch/cytus-alpha
Disgaea 5 Complete,https://www.metacritic.com/game/switch/disgaea-5-complete
Super One More Jump,https://www.metacritic.com/game/switch/super-one-more-jump
Oxenfree,https://www.metacritic.com/game/switch/oxenfree
Tokyo Mirage Sessions #FE Encore,https://www.metacritic.com/game/switch/tokyo-mirage-sessions-fe-encore
Contra Anniversary Collection,https://www.metacritic.com/game/switch/contra-anniversary-collection
Teslagrad,https://www.metacritic.com/game/switch/teslagrad
The Lion's Song,https://www.metacritic.com/game/switch/the-lions-song
Overcooked! 2,https://www.metacritic.com/game/switch/overcooked!-2
Jet Lancer,https://www.metacritic.com/game/switch/jet-lancer
Aviary Attorney: Definitive Edition,https://www.metacritic.com/game/switch/aviary-attorney-definitive-edition
VOEZ,https://www.metacritic.com/game/switch/voez
Neon Abyss,https://www.metacritic.com/game/switch/neon-abyss
Operencia: The Stolen Sun,https://www.metacritic.com/game/switch/operencia-the-stolen-sun
Half-Life 2,https://www.metacritic.com/game/pc/half-life-2
Grand Theft Auto V,https://www.metacritic.com/game/pc/grand-theft-auto-v
The Orange Box,https://www.metacritic.com/game/pc/the-orange-box
Half-Life,https://www.metacritic.com/game/pc/half-life
BioShock,https://www.metacritic.com/game/pc/bioshock
Baldur's Gate II: Shadows of Amn,https://www.metacritic.com/game/pc/baldurs-gate-ii-shadows-of-amn
Portal 2,https://www.metacritic.com/game/pc/portal-2
The Elder Scrolls V: Skyrim,https://www.metacritic.com/game/pc/the-elder-scrolls-v-skyrim
Mass Effect 2,https://www.metacritic.com/game/pc/mass-effect-2
Grand Theft Auto: Vice City,https://www.metacritic.com/game/pc/grand-theft-auto-vice-city
Sid Meier's Civilization II,https://www.metacritic.com/game/pc/sid-meiers-civilization-ii
Quake,https://www.metacritic.com/game/pc/quake
BioShock Infinite,https://www.metacritic.com/game/pc/bioshock-infinite
The Elder Scrolls IV: Oblivion,https://www.metacritic.com/game/pc/the-elder-scrolls-iv-oblivion
Grim Fandango,https://www.metacritic.com/game/pc/grim-fandango
Diablo,https://www.metacritic.com/game/pc/diablo
Sid Meier's Civilization IV,https://www.metacritic.com/game/pc/sid-meiers-civilization-iv
The Witcher 3: Wild Hunt,https://www.metacritic.com/game/pc/the-witcher-3-wild-hunt
Company of Heroes,https://www.metacritic.com/game/pc/company-of-heroes
Half-Life: Alyx,https://www.metacritic.com/game/pc/half-life-alyx
Divinity: Original Sin II,https://www.metacritic.com/game/pc/divinity-original-sin-ii
Unreal Tournament 2004,https://www.metacritic.com/game/pc/unreal-tournament-2004
Starcraft II: Wings of Liberty,https://www.metacritic.com/game/pc/starcraft-ii-wings-of-liberty
Minecraft,https://www.metacritic.com/game/pc/minecraft
Red Dead Redemption 2,https://www.metacritic.com/game/pc/red-dead-redemption-2
Grand Theft Auto III,https://www.metacritic.com/game/pc/grand-theft-auto-iii
Homeworld,https://www.metacritic.com/game/pc/homeworld
Star Wars: Knights of the Old Republic,https://www.metacritic.com/game/pc/star-wars-knights-of-the-old-republic
World of Warcraft,https://www.metacritic.com/game/pc/world-of-warcraft
Grand Theft Auto: San Andreas,https://www.metacritic.com/game/pc/grand-theft-auto-san-andreas
Call of Duty 4: Modern Warfare,https://www.metacritic.com/game/pc/call-of-duty-4-modern-warfare
Microsoft Flight Simulator,https://www.metacritic.com/game/pc/microsoft-flight-simulator
Warcraft III: Reign of Chaos,https://www.metacritic.com/game/pc/warcraft-iii-reign-of-chaos
The Sims,https://www.metacritic.com/game/pc/the-sims
Sid Meier's Gettysburg!,https://www.metacritic.com/game/pc/sid-meiers-gettysburg!
World Soccer Winning Eleven 7 International,https://www.metacritic.com/game/pc/world-soccer-winning-eleven-7-international
Team Fortress 2,https://www.metacritic.com/game/pc/team-fortress-2
System Shock 2,https://www.metacritic.com/game/pc/system-shock-2
Tom Clancy's Splinter Cell: Chaos Theory,https://www.metacritic.com/game/pc/tom-clancys-splinter-cell-chaos-theory
Rome: Total War,https://www.metacritic.com/game/pc/rome-total-war
Okami HD,https://www.metacritic.com/game/pc/okami-hd
Undertale,https://www.metacritic.com/game/pc/undertale
Thief: The Dark Project,https://www.metacritic.com/game/pc/thief-the-dark-project
Age of Empires II: The Age of Kings,https://www.metacritic.com/game/pc/age-of-empires-ii-the-age-of-kings
Unreal Tournament (1999),https://www.metacritic.com/game/pc/unreal-tournament-1999
Sid Meier's Alpha Centauri,https://www.metacritic.com/game/pc/sid-meiers-alpha-centauri
Galactic Civilizations II: Twilight of the Arnor,https://www.metacritic.com/game/pc/galactic-civilizations-ii-twilight-of-the-arnor
Out of the Park Baseball 17,https://www.metacritic.com/game/pc/out-of-the-park-baseball-17
The Witcher 3: Wild Hunt - Blood and Wine,https://www.metacritic.com/game/pc/the-witcher-3-wild-hunt---blood-and-wine
Tiger Woods PGA Tour 2003,https://www.metacritic.com/game/pc/tiger-woods-pga-tour-2003
Dishonored,https://www.metacritic.com/game/pc/dishonored
Medal of Honor: Allied Assault,https://www.metacritic.com/game/pc/medal-of-honor-allied-assault
Myth: The Fallen Lords,https://www.metacritic.com/game/pc/myth-the-fallen-lords
World of Warcraft: Wrath of the Lich King,https://www.metacritic.com/game/pc/world-of-warcraft-wrath-of-the-lich-king
Overwatch,https://www.metacritic.com/game/pc/overwatch
F1 Challenge '99-'02,https://www.metacritic.com/game/pc/f1-challenge-99-02
Baldur's Gate,https://www.metacritic.com/game/pc/baldurs-gate
IL-2 Sturmovik,https://www.metacritic.com/game/pc/il-2-sturmovik
FreeSpace 2,https://www.metacritic.com/game/pc/freespace-2
Metal Gear Solid V: The Phantom Pain,https://www.metacritic.com/game/pc/metal-gear-solid-v-the-phantom-pain
Tom Clancy's Splinter Cell,https://www.metacritic.com/game/pc/tom-clancys-splinter-cell
Kentucky Route Zero - Act III,https://www.metacritic.com/game/pc/kentucky-route-zero---act-iii
Crysis,https://www.metacritic.com/game/pc/crysis
World of Warcraft: The Burning Crusade,https://www.metacritic.com/game/pc/world-of-warcraft-the-burning-crusade
Tiger Woods PGA Tour 2005,https://www.metacritic.com/game/pc/tiger-woods-pga-tour-2005
The Longest Journey,https://www.metacritic.com/game/pc/the-longest-journey
Tony Hawk's Pro Skater 2,https://www.metacritic.com/game/pc/tony-hawks-pro-skater-2
Star Wars Jedi Knight: Dark Forces II,https://www.metacritic.com/game/pc/star-wars-jedi-knight-dark-forces-ii
Batman: Arkham Asylum,https://www.metacritic.com/game/pc/batman-arkham-asylum
Galactic Civilizations II: Dark Avatar,https://www.metacritic.com/game/pc/galactic-civilizations-ii-dark-avatar
The Operative: No One Lives Forever,https://www.metacritic.com/game/pc/the-operative-no-one-lives-forever
Battlefield 2,https://www.metacritic.com/game/pc/battlefield-2
Street Fighter IV,https://www.metacritic.com/game/pc/street-fighter-iv
Fallout 3,https://www.metacritic.com/game/pc/fallout-3
Batman: Arkham City,https://www.metacritic.com/game/pc/batman-arkham-city
Fez,https://www.metacritic.com/game/pc/fez
Planescape: Torment,https://www.metacritic.com/game/pc/planescape-torment
Neverwinter Nights,https://www.metacritic.com/game/pc/neverwinter-nights
No One Lives Forever 2: A Spy in H.A.R.M.'s Way,https://www.metacritic.com/game/pc/no-one-lives-forever-2-a-spy-in-harms-way
Dragon Age: Origins,https://www.metacritic.com/game/pc/dragon-age-origins
Mark of the Ninja,https://www.metacritic.com/game/pc/mark-of-the-ninja
Disco Elysium,https://www.metacritic.com/game/pc/disco-elysium
Dark Souls II,https://www.metacritic.com/game/pc/dark-souls-ii
Call of Duty,https://www.metacritic.com/game/pc/call-of-duty
Madden NFL 2004,https://www.metacritic.com/game/pc/madden-nfl-2004
The Sims 2,https://www.metacritic.com/game/pc/the-sims-2
Final Fantasy XIV: Shadowbringers,https://www.metacritic.com/game/pc/final-fantasy-xiv-shadowbringers
World of Warcraft: Cataclysm,https://www.metacritic.com/game/pc/world-of-warcraft-cataclysm
World of Goo,https://www.metacritic.com/game/pc/world-of-goo
Spelunky,https://www.metacritic.com/game/pc/spelunky
Black & White,https://www.metacritic.com/game/pc/black-white
Portal,https://www.metacritic.com/game/pc/portal
Tetris Effect,https://www.metacritic.com/game/pc/tetris-effect
NHL 2001,https://www.metacritic.com/game/pc/nhl-2001
Stephen's Sausage Roll,https://www.metacritic.com/game/pc/stephens-sausage-roll
Tony Hawk's Pro Skater 3,https://www.metacritic.com/game/pc/tony-hawks-pro-skater-3
Deus Ex,https://www.metacritic.com/game/pc/deus-ex
Half-Life 2: Episode Two,https://www.metacritic.com/game/pc/half-life-2-episode-two
Braid,https://www.metacritic.com/game/pc/braid
The Chronicles of Riddick: Escape From Butcher Bay - Developer's Cut,https://www.metacritic.com/game/pc/the-chronicles-of-riddick-escape-from-butcher-bay---developers-cut
Sid Meier's Civilization III,https://www.metacritic.com/game/pc/sid-meiers-civilization-iii
Silent Hunter III,https://www.metacritic.com/game/pc/silent-hunter-iii
Bayonetta,https://www.metacritic.com/game/pc/bayonetta
Sid Meier's Civilization V,https://www.metacritic.com/game/pc/sid-meiers-civilization-v
Falcon 4.0: Allied Force,https://www.metacritic.com/game/pc/falcon-40-allied-force
Deus Ex: Human Revolution,https://www.metacritic.com/game/pc/deus-ex-human-revolution
Flight Simulator 2002,https://www.metacritic.com/game/pc/flight-simulator-2002
Brothers: A Tale of Two Sons,https://www.metacritic.com/game/pc/brothers-a-tale-of-two-sons
Dota 2,https://www.metacritic.com/game/pc/dota-2
Guild Wars 2,https://www.metacritic.com/game/pc/guild-wars-2
Freedom Force,https://www.metacritic.com/game/pc/freedom-force
Into the Breach,https://www.metacritic.com/game/pc/into-the-breach
GTR 2,https://www.metacritic.com/game/pc/gtr-2
Grand Theft Auto IV,https://www.metacritic.com/game/pc/grand-theft-auto-iv
Total War: Shogun 2,https://www.metacritic.com/game/pc/total-war-shogun-2
Empire: Total War,https://www.metacritic.com/game/pc/empire-total-war
Kentucky Route Zero - Act IV,https://www.metacritic.com/game/pc/kentucky-route-zero---act-iv
Command & Conquer: Red Alert,https://www.metacritic.com/game/pc/command-conquer-red-alert
The Witcher 3: Wild Hunt - Hearts of Stone,https://www.metacritic.com/game/pc/the-witcher-3-wild-hunt---hearts-of-stone
Star Wars Jedi Knight II: Jedi Outcast,https://www.metacritic.com/game/pc/star-wars-jedi-knight-ii-jedi-outcast
Resident Evil 2,https://www.metacritic.com/game/pc/resident-evil-2
The Walking Dead: A Telltale Games Series,https://www.metacritic.com/game/pc/the-walking-dead-a-telltale-games-series
Age of Mythology,https://www.metacritic.com/game/pc/age-of-mythology
Sacrifice,https://www.metacritic.com/game/pc/sacrifice
Dark Souls III,https://www.metacritic.com/game/pc/dark-souls-iii
Pillars of Eternity,https://www.metacritic.com/game/pc/pillars-of-eternity
The Elder Scrolls III: Morrowind,https://www.metacritic.com/game/pc/the-elder-scrolls-iii-morrowind
Rocksmith 2014 Edition,https://www.metacritic.com/game/pc/rocksmith-2014-edition
Fallout,https://www.metacritic.com/game/pc/fallout
World Soccer Winning Eleven 9,https://www.metacritic.com/game/pc/world-soccer-winning-eleven-9
Worldwide Soccer Manager 2005,https://www.metacritic.com/game/pc/worldwide-soccer-manager-2005
Dead Cells,https://www.metacritic.com/game/pc/dead-cells
Left 4 Dead,https://www.metacritic.com/game/pc/left-4-dead
Left 4 Dead 2,https://www.metacritic.com/game/pc/left-4-dead-2
F1 2017,https://www.metacritic.com/game/pc/f1-2017
Devil May Cry 5,https://www.metacritic.com/game/pc/devil-may-cry-5
NASCAR Racing 2002 Season,https://www.metacritic.com/game/pc/nascar-racing-2002-season
Mass Effect,https://www.metacritic.com/game/pc/mass-effect
Combat Mission: Barbarossa to Berlin,https://www.metacritic.com/game/pc/combat-mission-barbarossa-to-berlin
Homeworld: Cataclysm,https://www.metacritic.com/game/pc/homeworld-cataclysm
The Walking Dead: Episode 5 - No Time Left,https://www.metacritic.com/game/pc/the-walking-dead-episode-5---no-time-left
Guild Wars,https://www.metacritic.com/game/pc/guild-wars
Borderlands 2,https://www.metacritic.com/game/pc/borderlands-2
Slay the Spire,https://www.metacritic.com/game/pc/slay-the-spire
Max Payne,https://www.metacritic.com/game/pc/max-payne
Out of the Park Baseball 15,https://www.metacritic.com/game/pc/out-of-the-park-baseball-15
World in Conflict,https://www.metacritic.com/game/pc/world-in-conflict
NASCAR Racing 4,https://www.metacritic.com/game/pc/nascar-racing-4
Duke Nukem 3D,https://www.metacritic.com/game/pc/duke-nukem-3d
Far Cry,https://www.metacritic.com/game/pc/far-cry
Nuclear Throne,https://www.metacritic.com/game/pc/nuclear-throne
Lone Echo,https://www.metacritic.com/game/pc/lone-echo
FIFA Soccer 12,https://www.metacritic.com/game/pc/fifa-soccer-12
XCOM: Enemy Unknown,https://www.metacritic.com/game/pc/xcom-enemy-unknown
Mass Effect 3,https://www.metacritic.com/game/pc/mass-effect-3
Rise of Nations,https://www.metacritic.com/game/pc/rise-of-nations
NASCAR Racing 2003 Season,https://www.metacritic.com/game/pc/nascar-racing-2003-season
Descent 3,https://www.metacritic.com/game/pc/descent-3
The Curse of Monkey Island,https://www.metacritic.com/game/pc/the-curse-of-monkey-island
Rez Infinite,https://www.metacritic.com/game/pc/rez-infinite
Battlefield 3,https://www.metacritic.com/game/pc/battlefield-3
Battlefield 1942,https://www.metacritic.com/game/pc/battlefield-1942
Madden NFL 2003,https://www.metacritic.com/game/pc/madden-nfl-2003
DiRT 2,https://www.metacritic.com/game/pc/dirt-2
Return of the Obra Dinn,https://www.metacritic.com/game/pc/return-of-the-obra-dinn
Stardew Valley,https://www.metacritic.com/game/pc/stardew-valley
Prince of Persia: The Sands of Time,https://www.metacritic.com/game/pc/prince-of-persia-the-sands-of-time
What Remains of Edith Finch,https://www.metacritic.com/game/pc/what-remains-of-edith-finch
Railroad Tycoon II,https://www.metacritic.com/game/pc/railroad-tycoon-ii
Asgard's Wrath,https://www.metacritic.com/game/pc/asgards-wrath
XCOM 2: War of the Chosen,https://www.metacritic.com/game/pc/xcom-2-war-of-the-chosen
DUSK,https://www.metacritic.com/game/pc/dusk
Microsoft Flight Simulator 2004: A Century of Flight,https://www.metacritic.com/game/pc/microsoft-flight-simulator-2004-a-century-of-flight
Medieval: Total War,https://www.metacritic.com/game/pc/medieval-total-war
Mafia,https://www.metacritic.com/game/pc/mafia
Sekiro: Shadows Die Twice,https://www.metacritic.com/game/pc/sekiro-shadows-die-twice
LIMBO,https://www.metacritic.com/game/pc/limbo
Crusader Kings II: The Old Gods,https://www.metacritic.com/game/pc/crusader-kings-ii-the-old-gods
Assassin's Creed: Brotherhood,https://www.metacritic.com/game/pc/assassins-creed-brotherhood
Superbike 2001,https://www.metacritic.com/game/pc/superbike-2001
F.E.A.R.,https://www.metacritic.com/game/pc/fear
Kerbal Space Program,https://www.metacritic.com/game/pc/kerbal-space-program
Tribes 2,https://www.metacritic.com/game/pc/tribes-2
Age of Empires II: The Conquerors Expansion,https://www.metacritic.com/game/pc/age-of-empires-ii-the-conquerors-expansion
Ori and the Will of the Wisps,https://www.metacritic.com/game/pc/ori-and-the-will-of-the-wisps
Tiger Woods PGA Tour 2004,https://www.metacritic.com/game/pc/tiger-woods-pga-tour-2004
Warcraft III: The Frozen Throne,https://www.metacritic.com/game/pc/warcraft-iii-the-frozen-throne
Starcraft,https://www.metacritic.com/game/pc/starcraft
Far Cry 3,https://www.metacritic.com/game/pc/far-cry-3
World Soccer Winning Eleven 8 International,https://www.metacritic.com/game/pc/world-soccer-winning-eleven-8-international
Torchlight II,https://www.metacritic.com/game/pc/torchlight-ii
XCOM 2,https://www.metacritic.com/game/pc/xcom-2
F1 2020,https://www.metacritic.com/game/pc/f1-2020
Cuphead,https://www.metacritic.com/game/pc/cuphead
Myth II: Soulblighter,https://www.metacritic.com/game/pc/myth-ii-soulblighter
Halo: The Master Chief Collection - Halo 3,https://www.metacritic.com/game/pc/halo-the-master-chief-collection---halo-3
Return to Castle Wolfenstein,https://www.metacritic.com/game/pc/return-to-castle-wolfenstein
Ori and the Blind Forest: Definitive Edition,https://www.metacritic.com/game/pc/ori-and-the-blind-forest-definitive-edition
Shogo: Mobile Armor Division,https://www.metacritic.com/game/pc/shogo-mobile-armor-division
Thirty Flights of Loving,https://www.metacritic.com/game/pc/thirty-flights-of-loving
